순번,계정명,2017-03-31,2017-06-30,2017-09-30,2017-12-31,2018-03-31,2018-06-30,2018-09-30,2018-12-31,2019-03-31,2019-06-30,2019-09-30,2019-12-31,2020-03-31,2020-06-30,2020-09-30,2020-12-31,2021-03-31,2021-06-30,2021-09-30,2021-12-31,2022-03-31,2022-06-30,2022-09-30,2022-12-31,2023-03-31,2023-06-30,2023-09-30,2023-12-31,2024-03-31,2024-06-30,2024-09-30,2024-12-31,2025-03-31,2025-06-30,2025-09-30,
1,자산, - , - , - , - , - , - , - , - , - , - , - , - , - , - , - , - , - , - , - , - , - , - , - , - , - , - , - , - , - , - , - , - , - , - , - ,
1-1,   유동자산," 1,775,142,347,472 "," 1,926,541,308,075 "," 2,010,669,298,356 "," 1,994,907,301,609 "," 2,159,547,814,631 "," 2,046,547,951,839 "," 2,077,040,264,799 "," 2,282,402,035,812 "," 2,329,200,902,118 "," 2,030,043,937,124 "," 2,084,981,072,198 "," 1,667,702,813,662 "," 1,961,598,595,903 "," 2,119,477,967,706 "," 1,898,338,506,003 "," 2,111,475,986,463 "," 2,418,489,129,040 "," 2,165,425,440,214 "," 2,125,995,908,431 "," 1,704,546,266,298 "," 2,299,643,468,533 "," 2,395,983,195,542 "," 2,005,125,986,454 "," 1,971,791,807,530 "," 2,158,317,269,586 "," 2,340,728,488,267 "," 2,401,533,059,820 "," 2,349,590,484,900 "," 2,448,592,675,262 "," 2,420,739,353,156 "," 2,467,466,739,959 "," 1,958,625,217,509 "," 2,401,953,449,551 "," 2,041,442,589,369 "," 2,021,694,729,990 ",
1-1-01,      현금및현금성자산," 423,784,746,043 "," 495,760,237,657 "," 245,516,014,520 "," 347,248,235,337 "," 389,014,195,337 "," 492,734,224,864 "," 512,357,682,949 "," 247,934,920,692 "," 344,181,300,679 "," 164,417,745,856 "," 180,894,610,894 "," 123,098,635,789 "," 306,020,567,303 "," 723,958,595,567 "," 386,100,855,688 "," 200,762,132,840 "," 239,611,205,625 "," 153,338,950,333 "," 152,587,763,206 "," 182,739,801,860 "," 153,638,741,361 "," 158,022,613,885 "," 227,730,272,327 "," 501,584,853,199 "," 555,886,473,413 "," 689,533,028,938 "," 732,684,371,662 "," 724,453,170,740 "," 730,153,274,711 "," 794,183,358,921 "," 855,245,701,152 "," 276,042,672,237 "," 699,444,779,136 "," 561,965,161,597 "," 684,640,214,515 ",
1-1-02,      단기금융상품," 150,000,000,000 "," 194,100,000,000 "," 480,486,700,000 "," 364,997,600,000 "," 483,921,000,000 "," 243,651,000,000 "," 297,626,500,000 "," 749,287,500,000 "," 729,431,000,000 "," 605,784,000,000 "," 702,078,000,000 "," 589,468,000,000 "," 631,475,800,000 "," 460,482,826,709 "," 596,621,193,782 "," 884,325,143,502 "," 1,262,127,353,207 "," 1,102,963,754,042 "," 1,075,576,334,113 "," 592,331,143,724 "," 1,101,441,327,791 "," 1,188,377,769,680 "," 702,058,349,689 "," 390,186,832,314 "," 474,572,401,110 "," 518,738,493,153 "," 490,438,218,642 "," 483,239,543,585 "," 526,750,734,574 "," 415,696,807,361 "," 461,144,029,082 "," 481,477,347,611 "," 509,061,062,939 "," 349,562,919,159 "," 194,776,672,418 ",
1-1-03,      매출채권," 696,908,934,848 "," 741,900,169,690 ", - , - ," 753,570,262,971 "," 800,672,703,705 "," 721,264,028,061 "," 679,272,008,300 "," 627,787,540,297 "," 673,966,232,931 "," 635,680,097,163 "," 485,611,370,682 "," 482,645,910,541 "," 480,409,543,850 "," 470,154,211,968 "," 423,072,586,072 "," 428,091,085,645 "," 473,234,447,824 "," 443,671,608,396 "," 458,683,843,335 "," 464,478,309,322 "," 527,947,145,966 "," 542,415,725,659 "," 551,255,319,157 "," 554,069,328,023 "," 571,215,843,926 "," 584,509,760,814 "," 554,698,572,981 "," 561,169,031,128 "," 625,430,248,200 "," 556,630,459,667 "," 571,907,684,943 "," 531,393,680,831 "," 559,686,460,459 "," 579,219,855,662 ",
1-1-04,      기타채권," 33,510,061,061 "," 17,178,062,667 ", - , - ," 62,825,015,418 "," 25,385,955,735 "," 27,912,885,616 "," 96,694,143,286 "," 128,353,308,103 "," 95,023,754,020 "," 39,446,653,353 "," 40,847,675,197 "," 98,371,784,772 "," 28,712,962,198 "," 41,059,290,978 "," 90,746,960,910 "," 132,323,914,014 "," 68,623,854,198 "," 73,784,537,947 "," 43,121,932,255 "," 119,028,155,655 "," 35,819,730,300 "," 41,898,053,258 "," 48,579,081,276 "," 79,352,913,124 "," 34,993,719,249 "," 37,826,459,560 "," 43,320,525,765 "," 83,382,196,588 "," 39,346,088,573 "," 42,057,876,356 "," 50,915,419,024 "," 116,492,611,202 "," 57,398,169,698 "," 60,597,376,662 ",
1-1-05,      매출채권 및 기타유동채권, - , - ," 808,751,401,711 "," 824,821,143,912 ", - , - , - , - , - , - , - , - , - , - , - , - , - , - , - , - , - , - , - , - , - , - , - , - , - , - , - , - , - , - , - ,
1-1-06,      선급금," 22,670,985,175 "," 30,020,237,389 "," 37,726,766,585 "," 16,826,197,873 "," 13,460,123,755 "," 11,431,759,648 "," 11,300,693,646 "," 12,882,681,303 "," 8,744,610,496 "," 6,797,605,689 "," 18,074,050,643 "," 6,848,195,352 "," 7,124,585,660 "," 5,077,537,475 "," 5,290,833,681 "," 6,736,683,828 "," 4,394,870,613 "," 4,087,364,715 "," 4,158,587,493 "," 4,242,460,985 "," 4,509,980,029 "," 9,807,287,244 "," 5,648,423,728 "," 4,708,451,708 "," 5,190,493,180 "," 6,315,524,626 "," 6,107,374,531 "," 6,777,412,037 "," 8,053,490,858 "," 5,878,910,641 "," 4,082,627,627 "," 3,795,327,892 "," 3,157,258,946 "," 2,966,016,033 "," 2,722,442,805 ",
1-1-07,      선급비용," 5,206,648,451 "," 6,667,698,889 "," 6,464,193,150 "," 6,140,336,769 "," 3,710,474,446 "," 5,699,893,671 "," 4,236,273,634 "," 3,351,099,316 "," 4,290,778,649 "," 7,006,468,255 "," 5,768,391,913 "," 4,496,911,848 "," 5,487,172,849 "," 9,982,291,035 "," 5,593,825,992 "," 4,053,048,099 "," 24,823,627,837 "," 11,861,293,309 "," 10,725,531,826 "," 10,702,398,383 "," 16,628,631,365 "," 14,788,994,828 "," 12,896,228,561 "," 14,396,287,908 "," 13,578,337,821 "," 12,136,298,578 "," 10,172,769,263 "," 14,722,804,399 "," 9,504,099,548 "," 10,474,256,004 "," 6,350,267,934 "," 6,068,180,608 "," 6,107,531,684 "," 6,069,831,841 "," 5,304,903,512 ",
1-1-08,      기타유동금융자산," 1,384,314,733 "," 10,583,022,139 "," 256,787,148 "," 334,648,875 "," 158,151,510 "," 328,184,071 "," 286,107,380 "," 1,099,991,128 "," 1,012,784,678 "," 1,675,726,242 "," 6,479,675,837 "," 5,380,794,668 "," 6,235,065,517 "," 10,082,652,648 "," 6,015,454,964 "," 7,278,804,728 "," 7,747,695,378 "," 2,853,157,914 "," 2,163,288,709 "," 2,441,155,065 "," 3,064,605,491 "," 3,882,132,787 "," 2,942,330,343 "," 3,839,800,045 "," 3,404,553,464 "," 5,060,480,923 "," 12,529,818,396 "," 9,768,359,072 "," 21,085,951,351 "," 18,838,416,221 "," 16,384,871,962 "," 21,688,982,917 "," 3,303,076,524 "," 2,833,718,358 "," 1,439,780,647 ",
1-1-09,      미수법인세환급액, - , - , - , - , - , - , - , - , - , - , - ," 37,099,172,181 "," 24,143,025,579 ", - , - , - , - , - , - , - , - , - , - , - , - , - , - , - , - , - , - , - , - , - , - ,
1-1-10,      재고자산," 441,676,657,161 "," 430,331,879,644 "," 431,467,435,242 "," 434,539,138,843 "," 452,888,591,194 "," 466,644,230,145 "," 502,056,093,513 "," 491,879,691,787 "," 485,399,579,216 "," 475,372,404,131 "," 496,559,592,395 "," 374,852,057,945 "," 400,094,683,682 "," 400,771,558,224 "," 387,502,838,950 "," 302,050,995,781 "," 319,369,376,721 "," 348,462,617,879 "," 363,328,256,741 "," 387,801,467,691 "," 414,371,654,519 "," 434,855,457,852 "," 447,054,539,889 "," 457,241,181,923 "," 472,262,769,451 "," 502,735,098,874 "," 504,782,223,952 "," 512,610,096,321 "," 508,493,896,504 "," 510,891,267,235 "," 525,570,906,179 "," 546,729,602,277 "," 532,993,448,289 "," 500,960,312,224 "," 492,993,483,769 ",
1-1-11,      매각예정분류자산, - , - , - , - , - , - , - , - , - , - , - , - , - , - , - ," 192,449,630,703 ", - , - , - ," 22,482,063,000 "," 22,482,063,000 "," 22,482,063,000 "," 22,482,063,000 ", - , - , - ," 22,482,063,000 ", - , - , - , - , - , - , - , - ,
1-2,   소유주분배예정자산집단, - , - , - , - , - , - , - , - , - , - , - ," 1,131,790,963,028 ", - , - , - , - , - , - , - , - , - , - , - , - , - , - , - , - , - , - , - , - , - , - , - ,
1-3,   비유동자산," 7,134,834,097,507 "," 7,882,109,211,588 "," 7,592,511,777,399 "," 7,212,428,427,887 "," 7,683,964,108,286 "," 6,665,955,897,815 "," 6,956,999,668,310 "," 6,377,177,031,563 "," 6,360,505,163,684 "," 6,775,664,966,940 "," 6,768,401,726,928 "," 6,400,077,915,414 "," 5,790,066,021,160 "," 6,294,446,986,366 "," 5,973,558,491,061 "," 6,653,843,474,826 "," 6,940,255,652,545 "," 7,544,725,739,040 "," 7,167,502,232,318 "," 7,105,826,145,265 "," 6,832,549,807,592 "," 6,961,801,972,719 "," 6,565,494,488,172 "," 6,831,287,805,678 "," 6,802,872,085,402 "," 6,904,157,665,186 "," 6,915,116,852,934 "," 7,307,682,019,483 "," 7,904,680,636,704 "," 8,068,423,862,035 "," 8,056,915,725,122 "," 8,340,919,561,335 "," 9,576,913,885,484 "," 10,814,398,806,335 "," 12,283,419,771,491 ",
1-3-01,      장기매출채권," 5,165,862,246 "," 3,952,734,660 ", - , - ," 2,442,257,792 "," 1,695,671,429 "," 2,213,445,899 "," 2,201,718,400 "," 2,663,617,815 "," 2,816,326,292 "," 2,534,966,789 "," 1,520,462,691 "," 1,086,379,710 "," 1,232,051,065 "," 845,572,285 "," 749,131,998 "," 603,988,278 "," 367,821,953 "," 264,272,628 "," 259,736,709 "," 326,525,379 "," 587,017,970 "," 648,004,581 "," 808,741,341 "," 879,816,830 "," 1,561,336,190 "," 1,529,854,952 "," 1,655,272,037 "," 1,002,329,539 "," 1,318,146,961 "," 682,298,531 "," 492,399,886 "," 455,962,798 "," 412,616,296 "," 691,766,551 ",
1-3-02,      장기매출채권 및 기타비유동채권, - , - ," 119,164,953,829 "," 111,155,882,901 ", - , - , - , - , - , - , - , - , - , - , - , - , - , - , - , - , - , - , - , - , - , - , - , - , - , - , - , - , - , - , - ,
1-3-03,      기타채권," 82,043,003,651 "," 82,574,558,827 ", - , - ," 110,756,437,391 "," 112,658,871,594 "," 107,996,875,709 "," 52,312,187,412 "," 53,561,514,502 "," 74,650,802,706 "," 132,568,911,172 "," 118,746,955,984 "," 91,758,045,873 "," 88,768,593,339 "," 83,344,946,816 "," 50,581,801,145 "," 50,445,452,145 "," 59,815,382,402 "," 57,043,091,662 "," 59,963,077,803 "," 55,385,361,399 "," 51,306,452,286 "," 47,633,757,484 "," 43,202,291,291 "," 65,894,087,544 "," 58,770,086,673 "," 56,971,750,934 "," 54,762,853,336 "," 188,734,804,553 "," 195,520,791,767 "," 187,924,712,815 "," 199,609,554,043 "," 199,950,844,608 "," 191,301,835,247 "," 38,872,914,471 ",
1-3-04,      기타비유동금융자산," 3,301,820,877,579 "," 3,971,069,004,890 "," 3,619,502,729,544 "," 3,302,745,714,518 "," 3,771,569,485,885 "," 2,853,526,030,484 "," 3,179,862,234,300 "," 2,664,464,268,671 "," 2,636,194,808,661 "," 2,396,828,559,953 "," 2,281,363,487,064 "," 2,594,004,903,930 "," 2,017,132,038,280 "," 2,530,209,302,123 "," 2,330,598,668,547 "," 3,034,175,234,666 "," 2,948,198,608,912 "," 3,172,252,359,485 "," 2,797,740,156,882 "," 2,666,973,706,880 "," 2,384,359,095,634 "," 2,530,953,167,108 "," 2,134,304,440,011 "," 2,287,108,976,126 "," 2,220,663,987,470 "," 2,306,180,132,142 "," 2,315,995,321,301 "," 2,723,859,543,364 "," 3,207,437,762,166 "," 3,047,759,630,380 "," 3,058,077,295,204 "," 2,767,066,425,786 "," 2,735,746,007,212 "," 3,989,057,930,105 "," 4,530,146,416,355 ",
1-3-05,      관계기업 및 공동기업투자," 292,389,749,463 "," 292,389,749,463 "," 741,538,016,039 "," 636,291,396,825 "," 210,721,100,292 "," 116,328,476,486 "," 111,357,454,630 "," 111,357,454,630 "," 111,357,454,630 "," 747,203,866,439 "," 747,203,866,439 "," 580,551,959,942 "," 85,749,985,759 "," 85,749,985,759 "," 85,749,985,759 "," 85,749,985,759 "," 85,749,985,759 "," 469,941,683,003 "," 470,334,849,439 "," 536,266,509,518 "," 552,151,128,858 "," 552,540,021,746 "," 552,933,188,182 "," 554,703,016,618 "," 556,896,556,258 "," 557,931,215,746 "," 558,324,382,182 "," 558,717,548,618 "," 559,105,378,957 "," 241,727,668,133 "," 242,004,748,133 "," 239,972,749,533 "," 239,972,749,533 "," 256,961,234,893 "," 258,624,907,393 ",
1-3-06,      종속기업투자," 449,148,266,576 "," 449,148,266,576 ", - , - ," 425,203,940,076 "," 425,203,940,076 "," 425,203,940,076 "," 425,203,940,076 "," 435,527,700,076 "," 443,784,200,076 "," 452,147,800,076 "," 462,197,259,438 "," 968,587,233,621 "," 978,278,833,621 "," 981,864,433,621 "," 1,089,488,344,859 "," 1,489,605,463,772 "," 1,498,549,463,772 "," 1,527,656,853,772 "," 1,540,094,632,910 "," 1,549,729,432,910 "," 1,549,729,432,910 "," 1,551,701,382,910 "," 1,588,015,168,606 "," 1,599,393,868,606 "," 1,609,096,068,606 "," 1,611,693,668,606 "," 1,615,698,968,606 "," 1,620,268,398,306 "," 2,259,267,128,224 "," 2,260,051,063,162 "," 2,839,771,063,162 "," 2,839,771,063,162 "," 2,839,771,063,162 "," 3,942,791,063,162 ",
1-3-07,      사용권자산, - , - , - , - , - , - , - , - ," 5,683,099,119 "," 7,687,600,332 "," 6,042,593,090 "," 4,324,971,964 "," 3,752,076,357 "," 6,379,752,884 "," 5,600,838,487 "," 5,801,769,615 "," 7,331,284,138 "," 10,535,510,291 "," 10,632,769,681 "," 24,633,006,518 "," 23,862,444,160 "," 25,286,237,476 "," 24,567,865,875 "," 31,189,472,910 "," 28,842,120,262 "," 29,305,023,255 "," 29,263,652,930 "," 29,085,438,194 "," 27,777,072,021 "," 29,402,480,570 "," 27,730,456,698 "," 31,940,332,547 "," 31,429,990,594 "," 29,914,927,150 "," 28,216,982,888 ",
1-3-08,      유형자산," 2,490,558,228,704 "," 2,569,518,177,575 "," 2,599,183,814,061 "," 2,624,279,314,566 "," 2,633,568,634,708 "," 2,635,109,625,565 "," 2,615,439,833,917 "," 2,589,150,889,788 "," 2,592,864,977,848 "," 2,588,094,776,026 "," 2,612,707,763,069 "," 2,118,118,040,682 "," 2,061,023,479,652 "," 2,041,376,367,875 "," 1,986,521,155,635 "," 1,806,942,479,638 "," 1,764,562,200,736 "," 1,725,043,538,750 "," 1,684,018,741,065 "," 1,686,066,608,547 "," 1,675,929,729,091 "," 1,651,266,072,963 "," 1,662,029,715,358 "," 1,682,697,449,284 "," 1,629,393,091,724 "," 1,641,970,535,571 "," 1,660,969,350,616 "," 1,647,382,599,733 "," 1,625,817,503,168 "," 1,622,853,430,433 "," 1,573,265,781,014 "," 1,546,196,240,581 "," 2,394,751,958,774 "," 2,396,921,898,102 "," 2,360,733,573,821 ",
1-3-09,      무형자산," 11,635,481,237 "," 11,546,566,079 "," 11,395,010,637 "," 11,282,067,690 "," 11,065,665,060 "," 10,903,546,256 "," 10,749,797,942 "," 11,837,943,821 "," 11,761,780,179 "," 11,495,519,286 "," 32,544,055,725 "," 7,776,600,943 "," 7,758,810,557 "," 7,769,984,739 "," 7,646,657,983 "," 6,794,067,471 "," 6,835,557,031 "," 7,039,103,861 "," 7,688,235,895 "," 8,389,551,952 "," 8,464,711,189 "," 8,275,947,067 "," 8,185,885,639 "," 8,450,245,144 "," 8,261,528,162 "," 8,247,421,881 "," 8,074,699,267 "," 7,794,259,961 "," 7,801,538,533 "," 7,616,671,007 "," 7,398,841,185 "," 7,340,670,918 "," 7,175,824,254 "," 7,035,253,301 "," 6,608,955,782 ",
1-3-10,      투자부동산," 500,118,463,993 "," 501,910,153,518 "," 501,727,253,289 "," 501,544,353,060 "," 501,361,452,831 "," 501,178,552,602 "," 502,831,528,332 "," 502,981,962,330 "," 501,357,358,494 "," 501,469,847,194 "," 501,288,283,504 "," 490,855,429,097 "," 537,618,314,799 "," 537,386,797,850 "," 480,497,925,985 "," 557,625,240,594 "," 572,632,368,281 "," 581,974,499,127 "," 597,877,870,959 "," 560,331,310,491 "," 564,288,891,384 "," 576,423,900,997 "," 572,889,477,547 "," 594,112,431,524 "," 655,734,056,647 "," 655,237,313,621 "," 640,515,149,940 "," 661,961,578,191 "," 665,692,152,650 "," 662,957,914,560 "," 699,780,528,380 "," 698,770,483,781 "," 1,123,992,162,452 "," 1,103,022,048,079 "," 1,116,733,191,068 ",
1-3-11,      순확정급여자산," 1,954,164,058 ", - , - ," 25,129,698,327 "," 17,275,134,251 "," 9,351,183,323 "," 1,344,557,505 "," 17,666,666,435 "," 9,532,852,360 "," 1,633,468,636 ", - ," 21,981,330,743 "," 15,599,656,552 "," 17,295,317,111 "," 10,888,305,943 "," 15,935,419,081 "," 14,290,743,493 "," 19,206,376,396 "," 14,245,390,335 "," 22,848,003,937 "," 18,052,487,588 "," 15,433,722,196 "," 10,600,770,585 "," 41,000,012,834 "," 36,912,971,899 "," 35,858,531,501 "," 31,779,022,206 "," 6,763,957,443 "," 1,043,696,811 ", - , - ," 9,759,641,098 "," 3,667,322,097 ", - , - ,
1-4,   자산총계," 8,909,976,444,979 "," 9,808,650,519,663 "," 9,603,181,075,755 "," 9,207,335,729,496 "," 9,843,511,922,917 "," 8,712,503,849,654 "," 9,034,039,933,109 "," 8,659,579,067,375 "," 8,689,706,065,802 "," 8,805,708,904,064 "," 8,853,382,799,126 "," 9,199,571,692,104 "," 7,751,664,617,063 "," 8,413,924,954,072 "," 7,871,896,997,064 "," 8,765,319,461,289 "," 9,358,744,781,585 "," 9,710,151,179,254 "," 9,293,498,140,749 "," 8,810,372,411,563 "," 9,132,193,276,125 "," 9,357,785,168,261 "," 8,570,620,474,626 "," 8,803,079,613,208 "," 8,961,189,354,988 "," 9,244,886,153,453 "," 9,316,649,912,754 "," 9,657,272,504,383 "," 10,353,273,311,966 "," 10,489,163,215,191 "," 10,524,382,465,081 "," 10,299,544,778,844 "," 11,978,867,335,035 "," 12,855,841,395,704 "," 14,305,114,501,481 ",
2,부채, - , - , - , - , - , - , - , - , - , - , - , - , - , - , - , - , - , - , - , - , - , - , - , - , - , - , - , - , - , - , - , - , - , - , - ,
2-1,   유동부채," 1,598,775,345,536 "," 2,261,956,528,255 "," 2,343,303,151,442 "," 2,524,004,899,277 "," 2,279,751,629,768 "," 1,705,852,144,992 "," 1,623,436,057,278 "," 1,362,943,252,726 "," 1,429,932,818,456 "," 1,691,015,792,141 "," 2,019,115,194,509 "," 2,850,327,454,058 "," 2,420,696,482,641 "," 2,643,505,491,209 "," 2,166,668,979,297 "," 2,301,595,142,282 "," 2,379,735,204,261 "," 2,337,969,168,943 "," 2,401,095,084,512 "," 1,715,523,114,900 "," 2,080,099,885,644 "," 2,024,890,423,214 "," 1,617,175,370,492 "," 1,872,544,279,648 "," 2,548,866,860,569 "," 2,611,180,257,375 "," 2,598,171,753,872 "," 2,940,655,630,659 "," 2,555,316,614,753 "," 2,315,621,618,688 "," 2,323,877,127,798 "," 2,061,750,201,062 "," 2,179,419,689,487 "," 2,058,958,739,139 "," 3,057,296,725,529 ",
2-1-01,      매입채무," 238,819,629,165 "," 265,611,651,667 ", - , - ," 235,502,762,576 "," 273,936,811,940 "," 241,136,582,157 "," 231,692,860,867 "," 188,631,591,034 "," 225,575,609,198 "," 221,608,554,699 "," 174,902,430,862 "," 174,620,050,571 "," 150,843,494,690 "," 152,242,504,648 "," 182,909,044,101 "," 203,792,969,852 "," 240,993,847,652 "," 222,246,023,032 "," 240,105,182,264 "," 256,748,092,583 "," 273,919,336,639 "," 261,330,374,913 "," 256,239,414,238 "," 254,155,656,844 "," 274,767,027,076 "," 259,248,559,100 "," 269,335,432,547 "," 264,217,758,868 "," 298,397,099,949 "," 261,625,030,822 "," 252,195,795,434 "," 249,991,290,028 "," 262,388,698,098 "," 249,827,949,472 ",
2-1-02,      매입채무 및 기타유동채무, - , - ," 488,854,248,173 "," 554,920,440,789 ", - , - , - , - , - , - , - , - , - , - , - , - , - , - , - , - , - , - , - , - , - , - , - , - , - , - , - , - , - , - , - ,
2-1-03,      기타부채," 308,114,197,908 "," 266,879,843,662 ", - , - ," 340,371,742,846 "," 305,623,413,355 "," 265,316,726,109 "," 318,631,777,212 "," 317,758,319,787 "," 278,229,153,047 "," 280,820,790,324 "," 1,183,343,199,246 "," 243,224,628,347 "," 416,322,973,023 "," 416,257,171,352 "," 389,900,724,347 "," 408,613,678,736 "," 403,861,813,950 "," 423,288,843,144 "," 466,083,524,411 "," 496,753,478,209 "," 496,916,127,456 "," 536,588,173,398 "," 504,319,209,654 "," 522,102,483,782 "," 522,247,120,692 "," 522,987,886,582 "," 534,551,622,288 "," 540,736,798,460 "," 530,624,750,694 "," 530,482,740,485 "," 558,217,518,282 "," 582,371,894,254 "," 512,199,767,133 "," 513,352,532,833 ",
2-1-04,      단기차입금," 1,019,796,403,973 "," 1,693,100,060,064 "," 1,812,136,686,888 "," 1,557,884,641,227 "," 951,594,258,682 "," 786,605,773,853 "," 768,254,609,948 "," 564,361,597,681 "," 657,138,604,559 "," 1,046,147,502,528 "," 1,180,875,299,436 "," 1,190,212,175,405 "," 1,399,629,084,147 "," 1,451,027,173,243 "," 1,141,707,582,413 "," 959,429,427,842 "," 1,301,328,657,011 "," 1,290,036,156,953 "," 1,283,992,043,222 "," 817,644,847,183 "," 887,986,485,888 "," 751,382,879,832 "," 419,908,477,073 "," 423,861,355,943 "," 892,067,523,222 "," 832,370,379,008 "," 818,886,430,494 "," 1,041,051,053,151 "," 879,207,369,435 "," 742,843,620,986 "," 791,293,178,309 "," 688,405,344,140 "," 782,545,297,777 "," 769,309,885,933 "," 780,302,687,713 ",
2-1-05,      유동성장기차입금, - , - , - , - ," 309,248,295,140 "," 201,691,274,860 "," 201,822,783,760 "," 101,830,365,280 "," 101,944,457,010 "," 101,926,761,540 "," 101,689,579,410 "," 101,026,827,390 "," 100,888,164,510 "," 100,801,482,420 "," 100,841,115,960 "," 100,000,000,000 "," 100,000,000,000 "," 80,000,000,000 "," 180,000,000,000 "," 180,000,000,000 "," 180,000,000,000 "," 100,000,000,000 ", - , - ," 400,000,000,000 "," 439,384,000,000 "," 440,344,000,000 "," 538,682,000,000 "," 271,101,012,658 "," 233,793,499,444 "," 232,646,754,515 "," 137,585,700,000 ", - , - , - ,
2-1-06,      유동성사채, - , - , - ," 380,724,009,307 "," 380,067,877,655 ", - , - , - , - , - ," 199,936,798,799 "," 199,953,500,839 "," 499,701,110,198 "," 499,790,197,316 "," 299,877,571,567 "," 579,747,850,589 "," 279,858,083,809 "," 279,918,905,035 "," 279,979,726,261 ", - ," 199,890,045,130 "," 349,778,511,748 "," 349,846,699,951 "," 669,746,220,249 "," 469,846,388,336 "," 519,761,610,931 "," 519,858,277,906 "," 369,805,196,612 "," 369,893,482,355 "," 439,748,482,982 "," 439,853,201,141 "," 319,909,993,834 "," 464,798,166,010 "," 469,645,831,017 "," 1,170,380,851,575 ",
2-1-07,      유동파생상품부채," 56,722,623 "," 6,143,301,760 "," 4,354,918,211 "," 23,847,411,791 "," 25,116,588,344 ", - , - , - , - , - , - , - , - , - , - , - , - , - , - , - , - , - , - , - , - , - , - , - , - , - , - , - , - , - , - ,
2-1-08,      유동충당부채, - , - , - , - , - , - , - , - , - , - , - , - , - ," 4,987,914,743 "," 5,799,466,533 "," 5,537,689,418 "," 5,655,982,963 "," 6,028,951,047 "," 6,296,367,718 "," 6,543,508,678 "," 6,877,628,570 "," 2,627,641,326 "," 2,727,720,274 "," 2,296,822,974 "," 2,383,943,721 "," 2,490,548,038 "," 2,573,684,460 "," 2,548,081,965 "," 2,622,005,975 "," 2,707,603,404 "," 2,676,754,775 "," 2,780,735,001 "," 2,691,594,475 "," 2,678,536,313 "," 2,677,775,681 ",
2-1-09,      기타유동금융부채, - , - , - , - , - ," 1,938,405,137 ", - , - ," 30,978,504 "," 612,752,005 "," 1,152,627,388 "," 889,320,316 "," 2,633,444,868 "," 2,339,218,898 "," 657,519,548 "," 255,925,566 ", - , - , - , - , - , - , - , - , - , - , - ," 164,369,968,258 "," 168,939,656,348 ", - , - , - , - , - ," 299,131,326,000 ",
2-1-10,      미지급법인세," 31,988,391,867 "," 30,221,671,102 "," 37,957,298,170 "," 6,628,396,163 "," 37,850,104,525 "," 136,056,465,847 "," 146,905,355,304 "," 146,426,651,686 "," 164,428,867,562 "," 38,524,013,823 "," 33,031,544,453 ", - , - ," 17,393,036,876 "," 49,286,047,276 "," 83,814,480,419 "," 80,485,831,890 "," 37,129,494,306 "," 5,292,081,135 "," 5,146,052,364 "," 51,844,155,264 "," 50,265,926,213 "," 46,773,924,883 "," 16,081,256,590 "," 8,310,864,664 "," 20,159,571,630 "," 34,272,915,330 "," 20,312,275,838 "," 58,598,530,654 "," 67,506,561,229 "," 65,299,467,751 "," 102,655,114,371 "," 97,021,446,943 "," 42,736,020,645 "," 41,623,602,255 ",
2-2,   소유주분배예정부채집단, - , - , - , - , - , - , - , - , - , - , - ," 262,883,413,682 ", - , - , - , - , - , - , - , - , - , - , - , - , - , - , - , - , - , - , - , - , - , - , - ,
2-3,   비유동부채," 1,447,945,368,226 "," 1,104,777,142,349 "," 1,027,798,354,218 "," 973,991,821,340 "," 1,564,107,147,512 "," 1,350,401,964,397 "," 1,436,648,101,561 "," 1,702,084,666,936 "," 1,707,699,484,527 "," 1,672,537,324,985 "," 1,455,608,474,715 "," 1,647,142,175,954 "," 1,218,565,040,487 "," 1,257,470,893,451 "," 1,276,253,773,799 "," 1,437,434,131,586 "," 1,839,826,147,027 "," 2,035,402,381,390 "," 1,824,291,378,356 "," 2,041,225,422,163 "," 2,164,830,483,302 "," 2,341,735,689,188 "," 2,250,087,384,403 "," 2,018,562,713,035 "," 1,495,006,458,060 "," 1,579,191,924,992 "," 1,572,846,799,280 "," 1,358,330,685,206 "," 1,916,095,686,715 "," 2,271,867,896,506 "," 2,269,337,021,092 "," 2,373,548,473,582 "," 2,900,929,424,028 "," 2,959,819,867,837 "," 3,056,512,567,541 ",
2-3-01,      장기차입금," 911,465,866,379 "," 410,719,444,989 "," 410,374,156,839 "," 309,997,357,543 "," 109,750,966,800 "," 109,295,138,900 "," 108,807,244,220 "," 108,344,554,970 "," 107,878,150,390 "," 107,444,445,960 "," 107,117,664,810 "," 106,719,281,680 "," 106,513,999,980 "," 86,298,780,740 "," 186,073,566,850 "," 180,000,000,000 "," 578,988,595,454 "," 532,976,991,187 "," 434,713,378,173 "," 434,820,785,180 "," 807,010,146,605 "," 809,488,327,099 "," 819,149,168,247 "," 809,051,135,291 "," 266,587,056,460 "," 228,037,338,592 "," 227,716,382,519 "," 128,268,452,364 ", - ," 644,589,992,005 "," 644,626,495,977 "," 644,663,009,165 "," 644,698,737,538 "," 644,734,871,850 "," 644,771,412,400 ",
2-3-02,      비유동사채, - , - , - , - ," 698,473,566,083 "," 698,576,774,747 "," 698,679,983,411 "," 1,097,730,884,242 "," 1,097,926,833,229 "," 1,098,122,782,216 "," 898,381,932,404 "," 898,561,179,354 "," 599,013,761,819 "," 748,683,788,740 "," 748,831,620,091 "," 718,668,794,178 "," 718,791,940,443 "," 918,374,013,646 "," 918,539,506,849 "," 1,168,017,831,632 "," 968,354,808,640 "," 1,117,873,449,205 "," 1,118,099,156,635 "," 798,493,507,745 "," 798,672,518,696 "," 918,134,683,660 "," 918,321,732,118 "," 748,637,262,344 "," 1,327,304,967,215 "," 1,057,792,356,394 "," 1,058,013,447,637 "," 1,307,469,089,709 "," 1,561,826,923,197 "," 1,287,383,693,949 "," 1,287,652,903,905 ",
2-3-03,      기타부채," 32,127,614,646 "," 32,889,115,197 "," 32,672,371,129 "," 190,279,607,156 "," 190,880,392,483 "," 199,167,315,587 "," 191,269,017,991 "," 195,716,834,448 "," 203,822,028,935 "," 227,708,517,489 "," 231,374,842,115 "," 219,974,201,094 "," 285,103,134,169 "," 77,149,452,521 "," 58,002,706,999 "," 79,491,181,108 "," 82,055,190,017 "," 82,524,694,649 "," 73,614,196,502 "," 75,852,031,602 "," 76,974,867,250 "," 73,254,016,602 "," 71,488,153,337 "," 75,177,211,215 "," 96,532,745,172 "," 89,314,067,313 "," 88,527,421,687 "," 87,041,155,885 "," 98,373,678,074 "," 98,083,043,591 "," 85,750,500,063 "," 89,552,392,106 "," 95,302,311,127 "," 85,802,350,654 "," 79,938,308,555 ",
2-3-04,      기타비유동금융부채," 13,102,242,229 "," 783,831,248 "," 877,898,045 "," 7,216,226,273 "," 2,841,086,701 "," 3,303,566,689 "," 6,357,364,051 "," 4,288,904,215 "," 2,863,439,559 ", - ," 287,124,258 "," 122,665,539,100 "," 82,658,692,612 "," 71,393,909,323 "," 71,626,463,803 "," 86,605,645,850 "," 71,622,473,523 "," 53,041,793,662 "," 35,781,888,273 "," 18,940,578,202 "," 8,621,139,356 "," 5,566,213,332 "," 1,607,170,377 "," 57,445,318,831 "," 31,577,606,919 "," 20,696,715,724 "," 3,749,294,669 ", - , - , - , - , - , - , - , - ,
2-3-05,      순확정급여부채, - ," 6,562,160,144 "," 14,896,910,685 ", - , - , - , - , - , - , - ," 6,655,725,451 ", - , - , - , - , - , - , - , - , - , - , - , - , - , - , - , - , - , - ," 761,803,930 "," 6,702,305,512 ", - , - , - ," 8,522,861,386 ",
2-3-06,      기타장기종업원급여부채, - , - , - , - , - , - , - , - , - , - , - , - , - ," 3,642,625,244 "," 3,607,184,814 "," 3,644,098,457 "," 3,624,112,021 "," 3,569,698,884 "," 3,531,788,497 "," 3,662,089,146 "," 3,663,416,473 "," 3,583,570,100 "," 3,529,662,176 "," 3,850,894,422 "," 4,086,216,511 "," 4,137,497,225 "," 4,312,392,054 "," 5,569,620,266 "," 5,481,837,332 "," 5,382,844,883 "," 5,263,791,611 "," 7,515,146,612 "," 7,468,034,698 "," 7,247,136,694 "," 7,021,115,262 ",
2-3-07,      비유동충당부채," 12,419,081,346 "," 13,033,202,213 "," 13,752,854,362 "," 13,024,871,635 "," 13,460,961,592 "," 12,960,756,145 "," 12,406,850,339 "," 12,177,265,910 "," 13,757,892,289 "," 16,890,029,244 "," 18,019,810,996 "," 5,176,617,168 "," 5,356,782,793 "," 527,253,728 "," 552,153,100 "," 555,478,093 "," 557,000,990 "," 624,713,711 "," 646,049,572 "," 688,118,390 "," 693,265,048 "," 596,184,404 "," 608,086,227 "," 660,389,728 "," 714,931,504 "," 724,294,372 "," 764,586,185 "," 787,651,578 "," 833,984,094 "," 856,547,348 "," 909,327,605 "," 923,567,304 "," 967,203,672 "," 951,274,688 "," 1,001,139,022 ",
2-3-08,      이연법인세부채," 478,830,563,626 "," 640,789,388,558 "," 555,224,163,158 "," 453,473,758,733 "," 548,700,173,853 "," 327,098,412,329 "," 419,127,641,549 "," 283,826,223,151 "," 281,451,140,125 "," 222,371,550,076 "," 193,771,374,681 "," 294,045,357,558 "," 139,918,669,114 "," 269,775,083,155 "," 207,560,078,142 "," 368,468,933,900 "," 384,186,834,579 "," 444,290,475,651 "," 357,464,570,490 "," 339,243,988,011 "," 299,512,839,930 "," 331,373,928,446 "," 235,605,987,404 "," 273,884,255,803 "," 296,835,382,798 "," 724,294,372 "," 329,454,990,048 "," 388,026,542,769 "," 484,101,220,000 "," 464,401,308,355 "," 468,071,152,687 "," 323,425,268,686 "," 590,666,213,796 "," 931,221,707,718 "," 1,027,604,827,011 ",
2-3-09,      종업원급여부채, - , - , - , - , - , - , - , - , - , - , - , - , - , - , - , - , - , - , - , - , - , - , - , - , - ," 724,294,372 ", - , - , - , - , - , - , - ," 2,478,832,284 ", - ,
2-4,   부채총계," 3,046,720,713,762 "," 3,366,733,670,604 "," 3,371,101,505,660 "," 3,497,996,720,617 "," 3,843,858,777,280 "," 3,056,254,109,389 "," 3,060,084,158,839 "," 3,065,027,919,662 "," 3,137,632,302,983 "," 3,363,553,117,126 "," 3,474,723,669,224 "," 4,760,353,043,694 "," 3,639,261,523,128 "," 3,900,976,384,660 "," 3,442,922,753,096 "," 3,739,029,273,868 "," 4,219,561,351,288 "," 4,373,371,550,333 "," 4,225,386,462,868 "," 3,756,748,537,063 "," 4,244,930,368,946 "," 4,366,626,112,402 "," 3,867,262,754,895 "," 3,891,106,992,683 "," 4,043,873,318,629 "," 4,190,372,182,367 "," 4,171,018,553,152 "," 4,298,986,315,865 "," 4,471,412,301,468 "," 4,587,489,515,194 "," 4,593,214,148,890 "," 4,435,298,674,644 "," 5,080,349,113,515 "," 5,018,778,606,976 "," 6,113,809,293,070 ",
3,자본, - , - , - , - , - , - , - , - , - , - , - , - , - , - , - , - , - , - , - , - , - , - , - , - , - , - , - , - , - , - , - , - , - , - , - ,
3-1,   자본금," 56,434,870,000 "," 56,434,870,000 "," 56,434,870,000 "," 56,434,870,000 "," 56,434,870,000 "," 56,434,870,000 "," 56,434,870,000 "," 56,434,870,000 "," 56,434,870,000 "," 56,434,870,000 "," 56,434,870,000 "," 56,434,870,000 "," 48,084,660,000 "," 48,084,660,000 "," 48,084,660,000 "," 48,084,660,000 "," 48,084,660,000 "," 48,084,660,000 "," 48,084,660,000 "," 48,084,660,000 "," 48,084,660,000 "," 48,084,660,000 "," 48,084,660,000 "," 48,084,660,000 "," 48,084,660,000 "," 48,084,660,000 "," 48,084,660,000 "," 48,084,660,000 "," 48,084,660,000 "," 48,084,660,000 "," 48,084,660,000 "," 48,084,660,000 "," 48,084,660,000 "," 48,084,660,000 "," 48,084,660,000 ",
3-2,   자본잉여금," 525,943,735,426 "," 525,943,735,426 "," 525,943,735,426 "," 525,943,735,426 "," 525,943,735,426 "," 525,943,735,426 "," 525,943,735,426 "," 525,943,735,426 "," 525,943,735,426 "," 525,943,735,426 "," 525,943,735,426 "," 525,943,735,426 "," 564,451,737,543 "," 564,451,737,543 "," 564,451,737,543 "," 553,070,812,612 "," 553,070,812,612 "," 553,070,812,612 "," 553,070,812,612 "," 553,070,812,612 "," 553,070,812,612 "," 553,070,812,612 "," 553,070,812,612 "," 553,070,812,612 "," 553,070,812,612 "," 553,070,812,612 "," 553,070,812,612 "," 553,070,812,612 "," 553,070,812,612 "," 553,070,812,612 "," 553,070,812,612 "," 553,070,812,612 "," 553,070,812,612 "," 553,070,812,612 "," 553,070,812,612 ",
3-3,   자본조정,"-122,873,033,196 ","-122,873,033,196 ","-122,873,033,196 ","-122,873,033,196 ","-122,873,033,196 ","-122,873,033,196 ","-122,873,033,196 ","-122,873,033,196 ","-122,873,033,196 ","-122,873,033,196 ","-122,873,033,196 ","-1,069,447,148,641 ","-1,030,170,824,950 ","-1,030,170,824,950 ","-1,036,751,817,950 ","-1,130,067,287,950 ","-204,952,835,010 ","-204,952,835,010 ","-204,952,835,010 ","-204,952,835,010 ","-286,379,496,010 ","-304,846,768,510 ","-304,846,768,510 ","-304,846,768,510 ","-304,846,768,510 ","-304,846,768,510 ","-304,846,768,510 ","-304,846,768,510 ","-304,846,768,510 ","-304,846,768,510 ","-304,846,768,510 ","-304,846,768,510 ","-304,846,768,510 ","-304,846,768,510 ","-304,846,768,510 ",
3-4,   기타포괄손익누계액," 1,254,550,534,270 "," 1,762,849,189,945 "," 1,496,988,959,447 ", - , - , - , - , - , - , - , - , - ,"-40,717,052,321 ","-34,588,678,080 ","-36,152,913,463 ","-32,810,163,877 ","-27,210,576,919 ","-21,722,110,784 ","-19,020,756,358 ","-22,922,712,751 ","-21,421,960,292 ","-27,875,195,865 ","-31,477,001,766 ","-33,244,082,600 ","-32,073,588,309 ","-29,984,940,332 ","-31,507,912,815 ","-31,464,399,316 ","-31,972,317,813 ","-32,214,001,329 ","-32,214,001,329 ","-27,839,887,203 "," 647,600,409,509 "," 652,205,155,322 "," 647,316,710,246 ",
3-5,   이익잉여금," 4,149,199,624,717 "," 4,219,562,086,884 "," 4,275,585,038,418 "," 5,249,833,436,649 "," 5,540,147,573,407 "," 5,196,744,168,035 "," 5,514,450,202,040 "," 5,135,045,575,483 "," 5,092,568,190,589 "," 4,982,650,214,708 "," 4,919,153,557,672 "," 4,926,287,191,625 "," 4,570,754,573,663 "," 4,965,171,674,899 "," 4,889,342,577,838 "," 5,588,012,166,636 "," 4,770,191,369,614 "," 4,962,299,102,103 "," 4,690,929,796,637 "," 4,680,343,949,649 "," 4,593,908,890,869 "," 4,722,725,547,622 "," 4,438,526,017,395 "," 4,648,907,999,023 "," 4,653,080,920,566 "," 4,788,190,207,316 "," 4,880,830,568,315 "," 5,093,441,883,732 "," 5,617,524,624,209 "," 5,637,578,997,224 "," 5,667,073,613,418 "," 5,595,777,287,301 "," 5,954,609,107,909 "," 6,888,548,929,304 "," 7,247,679,794,063 ",
3-6,   자본총계," 5,863,255,731,217 "," 6,441,916,849,059 "," 6,232,079,570,095 "," 5,709,339,008,879 "," 5,999,653,145,637 "," 5,656,249,740,265 "," 5,973,955,774,270 "," 5,594,551,147,713 "," 5,552,073,762,819 "," 5,442,155,786,938 "," 5,378,659,129,902 "," 4,439,218,648,410 "," 4,112,403,093,935 "," 4,512,948,569,412 "," 4,428,974,243,968 "," 5,026,290,187,421 "," 5,139,183,430,297 "," 5,336,779,628,921 "," 5,068,111,677,881 "," 5,053,623,874,500 "," 4,887,262,907,179 "," 4,991,159,055,859 "," 4,703,357,719,731 "," 4,911,972,620,525 "," 4,917,316,036,359 "," 5,054,513,971,086 "," 5,145,631,359,602 "," 5,358,286,188,518 "," 5,881,861,010,498 "," 5,901,673,699,997 "," 5,931,168,316,191 "," 5,864,246,104,200 "," 6,898,518,221,520 "," 7,837,062,788,728 "," 8,191,305,208,411 ",
4,부채및자본총계," 8,909,976,444,979 "," 9,808,650,519,663 "," 9,603,181,075,755 "," 9,207,335,729,496 "," 9,843,511,922,917 "," 8,712,503,849,654 "," 9,034,039,933,109 "," 8,659,579,067,375 "," 8,689,706,065,802 "," 8,805,708,904,064 "," 8,853,382,799,126 "," 9,199,571,692,104 "," 7,751,664,617,063 "," 8,413,924,954,072 "," 7,871,896,997,064 "," 8,765,319,461,289 "," 9,358,744,781,585 "," 9,710,151,179,254 "," 9,293,498,140,749 "," 8,810,372,411,563 "," 9,132,193,276,125 "," 9,357,785,168,261 "," 8,570,620,474,626 "," 8,803,079,613,208 "," 8,961,189,354,988 "," 9,244,886,153,453 "," 9,316,649,912,754 "," 9,657,272,504,383 "," 10,353,273,311,966 "," 10,489,163,215,191 "," 10,524,382,465,081 "," 10,299,544,778,844 "," 11,978,867,335,035 "," 12,855,841,395,704 "," 14,305,114,501,481 ",
,,,,,,,,,,,,,,,,,,,,,,,,,,,,,,,,,,,,,
,"검증1 (부채, 자본)", TRUE , TRUE , TRUE , TRUE , TRUE , TRUE , TRUE , TRUE , TRUE , TRUE , TRUE , TRUE , TRUE , TRUE , TRUE , TRUE , TRUE , TRUE , TRUE , TRUE , TRUE , TRUE , TRUE , TRUE , TRUE , TRUE , TRUE , TRUE , TRUE , TRUE , TRUE , TRUE , TRUE , TRUE , TRUE ,
,검증2 (자산), TRUE , TRUE , TRUE , TRUE , TRUE , TRUE , TRUE , TRUE , TRUE , TRUE , TRUE , TRUE , TRUE , TRUE , TRUE , TRUE , TRUE , TRUE , TRUE , TRUE , TRUE , TRUE , TRUE , TRUE , TRUE , TRUE , TRUE , TRUE , TRUE , TRUE , TRUE , TRUE , TRUE , TRUE , TRUE ,
,,,,,,,,,,,,,,,,,,,,,,,,,,,,,,,,,,,,,
,,,,,,,,,,,,,,,,,,,,,,,,,,,,,,,,,,,,,
